﻿<?xml version="1.0" encoding="utf-8" ?>
<LanguageData>

	<Megascarab.label>мега-скарабей</Megascarab.label>
	<Megascarab.description>Большой генно-модифицированный жук. Когда-то они были рабочей кастой искуственной экосистемы инсектоидов, специально выведенной для борьбы с вторжениями механоидов. Теперь их обычно видят без более смертоносных инсектоидных собратьев. Тем не менее, размер и твёрдый панцирь делают их опасными противниками в бою.</Megascarab.description>
	<Megascarab_Meat.label>мясо мега-скарабея</Megascarab_Meat.label>
	<Megascarab_Meat.description>Мясо мега-скарабея.</Megascarab_Meat.description>
	<Megascarab_Corpse.label>туша мега-скарабея</Megascarab_Corpse.label>
	<Megascarab_Corpse.description>Мёртвый мега-скарабей.</Megascarab_Corpse.description>

	<Spelopede.label>спелопид</Spelopede.label>
	<Spelopede.description>Среднего размера генно-модифицированный жук размером с овцу. Спелопиды - средняя каста в улье. Они занимаются как большей частью работы, так и принимают участие в защите, благодаря своим клешням.</Spelopede.description>
<!--<Spelopede_Leather.label>Höhlenkäferpanzer</Spelopede_Leather.label>
	<Spelopede_Leather.description>Der Chitinpanzer eines Höhlenkäfers.</Spelopede_Leather.description> -->
	<Spelopede_Meat.label>мясо спелопида</Spelopede_Meat.label>
	<Spelopede_Meat.description>Мясо спелопида.</Spelopede_Meat.description>
	<Spelopede_Corpse.label>туша спелопида</Spelopede_Corpse.label>
	<Spelopede_Corpse.description>Мёртвый спелопид.</Spelopede_Corpse.description>

	<Megaspider.label>мега-паук</Megaspider.label>
	<Megaspider.description>Не являясь на самом деле пауком, мега-паук - генно-модифицированный инсектоид размером с медведя. Будучи спроектированным для тяжёлой работы и боя, толстая хитиновая броня делает его трудно убиваемым, а длинные потрошащие клинки - смертельно опасным.</Megaspider.description>
<!--<Megaspider_Leather.label>Riesenspinnenpanzer</Megaspider_Leather.label>
	<Megaspider_Leather.description>Der Chitinpanzer einer Riesenspinne.</Megaspider_Leather.description> -->
	<Megaspider_Meat.label>мясо мега-паука</Megaspider_Meat.label>
	<Megaspider_Meat.description>Мясо мега-паука.</Megaspider_Meat.description>
	<Megaspider_Corpse.label>туша мега-паука</Megaspider_Corpse.label>
	<Megaspider_Corpse.description>Мёртвый мега-паук.</Megaspider_Corpse.description>

</LanguageData>
