﻿<?xml version="1.0" encoding="utf-8" ?>
<LanguageData>

	<GrizzlyBear.label>гризли</GrizzlyBear.label>
	<GrizzlyBear.description>Огромное всеядное млекопитающее, приспособленное к холодному климату. Жировая прослойка и мех позволяют им не замёрзнуть зимой.\n\nНесмотря на то, что обычно их рацион состоит из рыбы, ягод, мёда и мяса уже мёртвых животных, гризли могут использовать свою огромную силу и смертельно опасные когти для охоты и убийства ещё живых жертв. Для таких, казалось бы, неуклюжих животных они поразительно проворны.</GrizzlyBear.description>
	<GrizzlyBear_Leather.label>шкура гризли</GrizzlyBear_Leather.label>
	<GrizzlyBear_Leather.stuffProps.stuffAdjective>шкуры гризли</GrizzlyBear_Leather.stuffProps.stuffAdjective>
	<GrizzlyBear_Leather.description>Шкура, снятая с гризли.</GrizzlyBear_Leather.description>
	<GrizzlyBear_Meat.label>мясо гризли</GrizzlyBear_Meat.label>
	<GrizzlyBear_Meat.description>Сырое мясо гризли.</GrizzlyBear_Meat.description>
	<GrizzlyBear_Corpse.label>туша гризли</GrizzlyBear_Corpse.label>
	<GrizzlyBear_Corpse.description>Мёртвый гризли.</GrizzlyBear_Corpse.description>

	<PolarBear.label>белый медведь</PolarBear.label>
	<PolarBear.description>Большой белый медведь, который живёт на далёком севере. Жировая прослойка и мех позволяют им не замёрзнуть зимой.\n\nНесмотря на то, что обычно их рацион состоит из рыбы и мяса уже мёртвых животных, белые медведи более чем способны использовать свою огромную силу и смертельно опасные когти для охоты и убийства ещё живых жертв. Для таких, казалось бы, неуклюжих животных они поразительно проворны.</PolarBear.description>
	<PolarBear_Leather.label>шкура белого медведя</PolarBear_Leather.label>
	<PolarBear_Leather.stuffProps.stuffAdjective>шкуры белого медведя</PolarBear_Leather.stuffProps.stuffAdjective>
	<PolarBear_Leather.description>Шкура, снятая с белого медведя.</PolarBear_Leather.description>
	<PolarBear_Meat.label>мясо белого медведя</PolarBear_Meat.label>
	<PolarBear_Meat.description>Сырое мясо белого медведя.</PolarBear_Meat.description>
	<PolarBear_Corpse.label>туша белого медведя</PolarBear_Corpse.label>
	<PolarBear_Corpse.description>Мёртвый белый медведь.</PolarBear_Corpse.description>

</LanguageData>