﻿<?xml version="1.0" encoding="utf-8" ?>
<LanguageData>

	<!-- ============================ Cold weather animals ========================== -->
	<Deer.label>олень</Deer.label>
	<Deer.description>Стадное травоядное среднего размера. Безопасен, если не тревожить.</Deer.description>
	<Deer_Leather.label>кожа оленя</Deer_Leather.label>
	<Deer_Leather.stuffProps.stuffAdjective>кожи оленя</Deer_Leather.stuffProps.stuffAdjective>
	<Deer_Leather.description>Кожа, снятая с оленя.</Deer_Leather.description>
	<Deer_Meat.label>оленина</Deer_Meat.label>
	<Deer_Meat.description>Сырое мясо оленя.</Deer_Meat.description>
	<Deer_Corpse.label>туша оленя</Deer_Corpse.label>
	<Deer_Corpse.description>Мёртвый олень.</Deer_Corpse.description>

	<Squirrel.label>белка</Squirrel.label>
	<Squirrel.description>Один из многих выносливых и универсальных видов грызунов, который следует за человечеством куда бы оно ни распространялось.</Squirrel.description>
	<Squirrel_Leather.label>беличья шкурка</Squirrel_Leather.label>
	<Squirrel_Leather.stuffProps.stuffAdjective>шкуры белки</Squirrel_Leather.stuffProps.stuffAdjective>
	<Squirrel_Leather.description>Шкурка, снятая с белки.</Squirrel_Leather.description>
	<Squirrel_Meat.label>бельчатина</Squirrel_Meat.label>
	<Squirrel_Meat.description>Сырое мясо белки.</Squirrel_Meat.description>
	<Squirrel_Corpse.label>тушка белки</Squirrel_Corpse.label>
	<Squirrel_Corpse.description>Мёртвая белка.</Squirrel_Corpse.description>

	<Elk.label>лось</Elk.label>
	<Elk.description>Крупный представитель семейства оленьих, хорошо адаптированный к жизни в холодном климате.</Elk.description>
	<Elk_Leather.label>кожа лося</Elk_Leather.label>
	<Elk_Leather.stuffProps.stuffAdjective>кожи лося</Elk_Leather.stuffProps.stuffAdjective>
	<Elk_Leather.description>Кожа, снятая с лося.</Elk_Leather.description>
	<Elk_Meat.label>лосятина</Elk_Meat.label>
	<Elk_Meat.description>Сырое мясо лося.</Elk_Meat.description>
	<Elk_Corpse.label>туша лося</Elk_Corpse.label>
	<Elk_Corpse.description>Мёртвый лось.</Elk_Corpse.description>

	<Alphabeaver.label>альфабобёр</Alphabeaver.label>
	<Alphabeaver.description>Крупный потомок бобра, генетически модифицированный для добычи древесины с эффективностью машины. В отсутствие специального корма эти животные впадают в маниакальную стадию, которая принуждает их съедать деревья целиком.</Alphabeaver.description>
	<Alphabeaver_Leather.label>шкура альфабобра</Alphabeaver_Leather.label>
	<Alphabeaver_Leather.stuffProps.stuffAdjective>кожи альфабобра</Alphabeaver_Leather.stuffProps.stuffAdjective>
	<Alphabeaver_Leather.description>Шкура, снятая с альфабобра.</Alphabeaver_Leather.description>
	<Alphabeaver_Meat.label>мясо альфабобра</Alphabeaver_Meat.label>
	<Alphabeaver_Meat.description>Сырое мясо альфабобра.</Alphabeaver_Meat.description>
	<Alphabeaver_Corpse.label>тушка альфабобра</Alphabeaver_Corpse.label>
	<Alphabeaver_Corpse.description>Мёртвый альфабобёр.</Alphabeaver_Corpse.description>

	<WildBoar.label>кабан</WildBoar.label>
	<WildBoar.description>Этот волосатый предок домашних свиней ценится за душистый запах своего мяса, хотя и считается нечистым в некоторых культурах.</WildBoar.description>
	<WildBoar_Leather.label>кожа кабана</WildBoar_Leather.label>
	<WildBoar_Leather.stuffProps.stuffAdjective>кожи кабана</WildBoar_Leather.stuffProps.stuffAdjective>
	<WildBoar_Leather.description>Кожа, снятая с кабана.</WildBoar_Leather.description>
	<WildBoar_Meat.label>кабанятина</WildBoar_Meat.label>
	<WildBoar_Meat.description>Сырое мясо кабана.</WildBoar_Meat.description>
	<WildBoar_Corpse.label>туша кабана</WildBoar_Corpse.label>
	<WildBoar_Corpse.description>Мёртвый кабан.</WildBoar_Corpse.description>

	<Boomrat.label>бумкрыса</Boomrat.label>
	<Boomrat.description>Благодаря либо умышленному генетическому вооружению, либо необычному защитному механизму, эти грызуно-подобные создания при смерти взрываются, вызывая пожар.</Boomrat.description>
	<Boomrat_Leather.label>шкурка бумкрысы</Boomrat_Leather.label>
	<Boomrat_Leather.stuffProps.stuffAdjective>кожи бумкрысы</Boomrat_Leather.stuffProps.stuffAdjective>
	<Boomrat_Leather.description>Шкурка, оставшаяся после взрыва бумкрысы.</Boomrat_Leather.description>
	<Boomrat_Meat.label>бумкрысятина</Boomrat_Meat.label>
	<Boomrat_Meat.description>Сырое мясо бумкрысы.</Boomrat_Meat.description>
	<Boomrat_Corpse.label>тушка бумкрысы</Boomrat_Corpse.label>
	<Boomrat_Corpse.description>Мёртвая бумкрыса.</Boomrat_Corpse.description>

	<Tortoise.label>черепаха</Tortoise.label>
	<Tortoise.description>Эта тяжело бронированная наземная рептилия известна своей медлительностью и неожиданно злобными укусами.</Tortoise.description>
	<Tortoise_Leather.label>панцирь черепахи</Tortoise_Leather.label>
	<Tortoise_Leather.stuffProps.stuffAdjective>панциря черепахи</Tortoise_Leather.stuffProps.stuffAdjective>
	<Tortoise_Leather.description>Панцирь, снятый с черепахи.</Tortoise_Leather.description>
	<Tortoise_Meat.label>мясо черепахи</Tortoise_Meat.label>
	<Tortoise_Meat.description>Сырое мясо черепахи.</Tortoise_Meat.description>
	<Tortoise_Corpse.label>тушка черепахи</Tortoise_Corpse.label>
	<Tortoise_Corpse.description>Мёртвая черепаха.</Tortoise_Corpse.description>

	<Thrumbo.label>трумбо</Thrumbo.label>
	<Thrumbo.description>Гигантское существо неизвестного происхождения.Трумбо мирный по своей природе, но чрезвычайно опасен, когда в ярости. Его длинный мех исключительно красив и ценен, а острые как бритва рога и вовсе бесценны на большинстве рынков. Легенды говорят, что старый трумбо - самое мудрое существо во вселенной, просто предпочитает не разговаривать.</Thrumbo.description>
	<Thrumbo_Leather.label>шкура трумбо</Thrumbo_Leather.label>
	<Thrumbo_Leather.stuffProps.stuffAdjective>кожи трумбо</Thrumbo_Leather.stuffProps.stuffAdjective>
	<Thrumbo_Leather.description>Шкура, снятая с трумбо.</Thrumbo_Leather.description>
	<Thrumbo_Meat.label>мясо трумбо</Thrumbo_Meat.label>
	<Thrumbo_Meat.description>Сырое мясо трумбо.</Thrumbo_Meat.description>
	<Thrumbo_Corpse.label>туша трумбо</Thrumbo_Corpse.label>
	<Thrumbo_Corpse.description>Мёртвый трумбо.</Thrumbo_Corpse.description>

</LanguageData>
