﻿<?xml version="1.0" encoding="utf-8" ?>
<LanguageData>

	<!-- =============================== Farm animals ============================= --> 

	<Chicken.label>курица</Chicken.label>
	<Chicken.description>Традиционная домашняя птица, разводится ради яиц и мяса.</Chicken.description>
<!--<Chicken_Leather.label>куриная кожа</Chicken_Leather.label>
	<Chicken_Leather.stuffProps.stuffAdjective>куриной кожи</Chicken_Leather.stuffProps.stuffAdjective>
	<Chicken_Leather.description>Кожа, снятая с курицы</Chicken_Leather.description>-->
	<Chicken_Meat.label>курятина</Chicken_Meat.label>
	<Chicken_Meat.description>Куриное мясо.</Chicken_Meat.description>
	<Chicken_Corpse.label>тушка курицы</Chicken_Corpse.label>
	<Chicken_Corpse.description>Мёртвая курица.</Chicken_Corpse.description>

	<Pig.label>свинья</Pig.label>
	<Pig.description>Свинья была одним из первых одомашненных человеком животных. Разводится в основном ради мяса и кожи, легко прокормить благодоря её всеядности.</Pig.description>
	<Pig_Leather.label>свиная кожа</Pig_Leather.label>
	<Pig_Leather.stuffProps.stuffAdjective>свиной кожи</Pig_Leather.stuffProps.stuffAdjective>
	<Pig_Leather.description>Кожа, снятая со свиньи.</Pig_Leather.description>
	<Pig_Meat.label>свинина</Pig_Meat.label>
	<Pig_Meat.description>Мясо свиньи.</Pig_Meat.description>
	<Pig_Corpse.label>свиная туша</Pig_Corpse.label>
	<Pig_Corpse.description>Мёртвая свинья.</Pig_Corpse.description>
	
	<Cow.label>корова</Cow.label>
	<Cow.description>Популярное одомашненное животное. Может приносить много молока или быть зарезано для получения вкусного мяса.</Cow.description>
	<Cow_Leather.label>коровья кожа</Cow_Leather.label>
	<Cow_Leather.stuffProps.stuffAdjective>коровьей кожи</Cow_Leather.stuffProps.stuffAdjective>
	<Cow_Leather.description>Кожа, снятая с коровы.</Cow_Leather.description>
	<Cow_Meat.label>говядина</Cow_Meat.label>
	<Cow_Meat.description>Мясо коровы.</Cow_Meat.description>
	<Cow_Corpse.label>коровья туша</Cow_Corpse.label>
	<Cow_Corpse.description>Мёртвая корова.</Cow_Corpse.description>
	
	<Alpaca.label>альпака</Alpaca.label>
	<Alpaca.description>Родственное ламам копытное средних размеров. В основном разводятся ради их мягчайшей шерсти.</Alpaca.description>
	<Alpaca_Leather.label>шкура альпака</Alpaca_Leather.label>
	<Alpaca_Leather.stuffProps.stuffAdjective>шкуры альпака</Alpaca_Leather.stuffProps.stuffAdjective>
	<Alpaca_Leather.description>Шкура, снятая с альпака.</Alpaca_Leather.description>
	<Alpaca_Meat.label>мясо альпака</Alpaca_Meat.label>
	<Alpaca_Meat.description>Мясо альпака.</Alpaca_Meat.description>
	<Alpaca_Corpse.label>туша альпака</Alpaca_Corpse.label>
	<Alpaca_Corpse.description>Мёртвая альпака.</Alpaca_Corpse.description>

</LanguageData>
