﻿<?xml version="1.0" encoding="utf-8" ?>
<LanguageData>

	<Cobra.label>кобра</Cobra.label>
	<Cobra.description>Большая змея. Кобры могут быть очень агрессивны, если их спровоцировать. Лучше держаться подальше от этих созданий.</Cobra.description>
	<Cobra_Leather.label>кожа кобры</Cobra_Leather.label>
	<Cobra_Leather.stuffProps.stuffAdjective>кожи кобры</Cobra_Leather.stuffProps.stuffAdjective>
	<Cobra_Leather.description>Кожа, снятая с кобры.</Cobra_Leather.description>
	<Cobra_Meat.label>мясо кобры</Cobra_Meat.label>
	<Cobra_Meat.description>Сырое мясо кобры.</Cobra_Meat.description>
	<Cobra_Corpse.label>тушка кобры</Cobra_Corpse.label>
	<Cobra_Corpse.description>Мёртвая кобра.</Cobra_Corpse.description>

	<Monkey.label>обезьяна</Monkey.label>
	<Monkey.description>Эта обезьяна использует свой изогнутый хвост, чтобы держаться за ветви, оставляя руки свободными для чего-нибудь ещё.</Monkey.description>
	<Monkey_Leather.label>кожа обезьяны</Monkey_Leather.label>
	<Monkey_Leather.stuffProps.stuffAdjective>кожи обезьяны</Monkey_Leather.stuffProps.stuffAdjective>
	<Monkey_Leather.description>Кожа, снятая с обезьяны.</Monkey_Leather.description>
	<Monkey_Meat.label>мясо обезьяны</Monkey_Meat.label>
	<Monkey_Meat.description>Сырое мясо обезьяны.</Monkey_Meat.description>
	<Monkey_Corpse.label>тушка обезьяны</Monkey_Corpse.label>
	<Monkey_Corpse.description>Мёртвая обезьяна.</Monkey_Corpse.description>

	<Chinchilla.label>шиншилла</Chinchilla.label>
	<Chinchilla.description>Небольшой и очень быстрый грызун, славится своей мягкой шерстью.</Chinchilla.description>
	<Chinchilla_Leather.label>шкурка шиншиллы</Chinchilla_Leather.label>
	<Chinchilla_Leather.stuffProps.stuffAdjective>меха шиншиллы</Chinchilla_Leather.stuffProps.stuffAdjective>
	<Chinchilla_Leather.description>Мех шиншиллы.</Chinchilla_Leather.description>
	<Chinchilla_Meat.label>мясо шиншиллы</Chinchilla_Meat.label>
	<Chinchilla_Meat.description>Сырое мясо шиншиллы.</Chinchilla_Meat.description>
	<Chinchilla_Corpse.label>тушка шиншиллы</Chinchilla_Corpse.label>
	<Chinchilla_Corpse.description>Мёртвая шиншилла.</Chinchilla_Corpse.description>
	
	<Boomalope.label>бумалупа</Boomalope.label>
	<Boomalope.description>Разработанная для химического производства, бумалупа отращивает большой мешок с нестабильными химикатами у себя на спине. Несмотря на её слабость и хрупкость вследствие её размера, другие животные научились обходить бумалупу стороной, из-за огромного взрыва, происходящего после её смерти.</Boomalope.description>
	<Boomalope_Leather.label>кожа бумалупы</Boomalope_Leather.label>
	<Boomalope_Leather.stuffProps.stuffAdjective>кожи бумалупы</Boomalope_Leather.stuffProps.stuffAdjective>
	<Boomalope_Leather.description>Кожа, оставшаяся после взрыва бумалупы.</Boomalope_Leather.description>
	<Boomalope_Meat.label>мясо бумалупы</Boomalope_Meat.label>
	<Boomalope_Meat.description>Сырое мясо бумалупы.</Boomalope_Meat.description>
	<Boomalope_Corpse.label>туша бумалупы</Boomalope_Corpse.label>
	<Boomalope_Corpse.description>Мёртвая бумалупа.</Boomalope_Corpse.description>

	<Capybara.label>капибара</Capybara.label>
	<Capybara.description>Крупнейший из грызунов, хорошо приспособлен для жизни в джунглях.</Capybara.description>
	<Capybara_Leather.label>шкура капибары</Capybara_Leather.label>
	<Capybara_Leather.stuffProps.stuffAdjective>шкуры капибары</Capybara_Leather.stuffProps.stuffAdjective>
	<Capybara_Leather.description>Шкура, снятая с капибары.</Capybara_Leather.description>
	<Capybara_Meat.label>мясо капибары</Capybara_Meat.label>
	<Capybara_Meat.description>Сырое мясо капибары.</Capybara_Meat.description>
	<Capybara_Corpse.label>туша капибары</Capybara_Corpse.label>
	<Capybara_Corpse.description>Мёртвая капибара.</Capybara_Corpse.description>

	<Cougar.label>пума</Cougar.label>
	<Cougar.description>Одни из самых опасных больших кошек, пумы - одиночные охотники с длинными острыми зубами и когтями. Они незаметно подбираются к добыче, чтобы затем настигнуть её одним прыжком.\n\nХоть люди и не являются частью их нормального рациона, они не откажутся полакомиться мясом беззащитного зазевавшегося человека.</Cougar.description>
	<Cougar_Leather.label>шкура пумы</Cougar_Leather.label>
	<Cougar_Leather.stuffProps.stuffAdjective>шкуры пумы</Cougar_Leather.stuffProps.stuffAdjective>
	<Cougar_Leather.description>Шкура, снятая с пумы.</Cougar_Leather.description>
	<Cougar_Meat.label>мясо пумы</Cougar_Meat.label>
	<Cougar_Meat.description>Сырое мясо пумы.</Cougar_Meat.description>
	<Cougar_Corpse.label>туша пумы</Cougar_Corpse.label>
	<Cougar_Corpse.description>Мёртвая пума.</Cougar_Corpse.description>

</LanguageData>
