﻿<?xml version="1.0" encoding="utf-8" ?>
<LanguageData>

	<!-- ============================ Cold weather animals ========================== -->

	<Warg.label>варг</Warg.label>
	<Warg.description>Мускулистые волкоподобные существа. По мнению авторитетных учёных, варги - потомки боевых животных, созданных для подавления сопротивления. Суеверные поговаривают о том, что их используют боги, как инструменты гнева.</Warg.description>
	<Warg_Leather.label>шкура варга</Warg_Leather.label>
	<Warg_Leather.stuffProps.stuffAdjective>шкуры варга</Warg_Leather.stuffProps.stuffAdjective>
	<Warg_Leather.description>Шкура, снятая с варга.</Warg_Leather.description>
	<Warg_Meat.label>мясо варга</Warg_Meat.label>
	<Warg_Meat.description>Сырое мясо варга.</Warg_Meat.description>
	<Warg_Corpse.label>туша варга</Warg_Corpse.label>
	<Warg_Corpse.description>Мёртвый варг.</Warg_Corpse.description>
	
	<YorkshireTerrier.label>йоркширский терьер</YorkshireTerrier.label>
	<YorkshireTerrier.description>Небольшое и уравновешенное животное, изначально разводилось для охоты на крыс.</YorkshireTerrier.description>
	<YorkshireTerrier_Leather.label>шкура терьера</YorkshireTerrier_Leather.label>
	<YorkshireTerrier_Leather.stuffProps.stuffAdjective>шкуры терьера</YorkshireTerrier_Leather.stuffProps.stuffAdjective>
	<YorkshireTerrier_Leather.description>Шкура, снятая с йоркширского терьера.</YorkshireTerrier_Leather.description>
	<YorkshireTerrier_Meat.label>мясо терьера</YorkshireTerrier_Meat.label>
	<YorkshireTerrier_Meat.description>Сырое мясо йоркширского терьера.</YorkshireTerrier_Meat.description>
	<YorkshireTerrier_Corpse.label>тушка терьера</YorkshireTerrier_Corpse.label>
	<YorkshireTerrier_Corpse.description>Мёртвый йоркширский терьер.</YorkshireTerrier_Corpse.description>
	
	<Husky.label>хаски</Husky.label>
	<Husky.description>Большой энергичный пёс с густой шерстью, в которой он комфортно себя чувсвует даже в арктических условиях.</Husky.description>
	<Husky_Leather.label>шкура хаски</Husky_Leather.label>
	<Husky_Leather.stuffProps.stuffAdjective>шкуры хаски</Husky_Leather.stuffProps.stuffAdjective>
	<Husky_Leather.description>Шкура, снятая с хаски.</Husky_Leather.description>
	<Husky_Meat.label>мясо хаски</Husky_Meat.label>
	<Husky_Meat.description>Сырое мясо хаски.</Husky_Meat.description>
	<Husky_Corpse.label>туша хаски</Husky_Corpse.label>
	<Husky_Corpse.description>Мёртвый хаски.</Husky_Corpse.description>

	<LabradorRetriever.label>лабрадор-ретривер</LabradorRetriever.label>
	<LabradorRetriever.description>Очень универсальное животное средних размеров. Изначально разводились для охоты на птиц, но со временем стали применяться как сторожевые собаки. Очень верный друг.</LabradorRetriever.description>
	<LabradorRetriever_Leather.label>шкура лабрадора</LabradorRetriever_Leather.label>
	<LabradorRetriever_Leather.stuffProps.stuffAdjective>шкуры лабрадора</LabradorRetriever_Leather.stuffProps.stuffAdjective>
	<LabradorRetriever_Leather.description>Шкура, снятая с лабрадор-ретривера.</LabradorRetriever_Leather.description>
	<LabradorRetriever_Meat.label>мясо лабрадора</LabradorRetriever_Meat.label>
	<LabradorRetriever_Meat.description>Сырое мясо лабрадор-ретривера.</LabradorRetriever_Meat.description>
	<LabradorRetriever_Corpse.label>туша лабрадора</LabradorRetriever_Corpse.label>
	<LabradorRetriever_Corpse.description>Мёртвый лабрадор-ретривер.</LabradorRetriever_Corpse.description>

	<Cat.label>кошка</Cat.label>
	<Cat.description>Одни из первых домашних животных, кошки - небольшие млекопитающие, охотящиеся на разных вредителей. Несмотря на присущую им равнодушность они всё равно являются популярными компаньонами из-за своего спокойствия, независимости и мягчайшего меха, который так приятно гладить.</Cat.description>
	<Cat_Leather.label>кошачья шкурка</Cat_Leather.label>
	<Cat_Leather.stuffProps.stuffAdjective>кошачьей шкуры</Cat_Leather.stuffProps.stuffAdjective>
	<Cat_Leather.description>Шкурка, снятая с кошки.</Cat_Leather.description>
	<Cat_Meat.label>кошачье мясо</Cat_Meat.label>
	<Cat_Meat.description>Мясо кошки.</Cat_Meat.description>
	<Cat_Corpse.label>тушка кошки</Cat_Corpse.label>
	<Cat_Corpse.description>Мёртвая кошка.</Cat_Corpse.description>

  
 </LanguageData>
 