﻿<?xml version="1.0" encoding="utf-8" ?>
<LanguageData>

	<Campfire.label>костёр</Campfire.label>
	<Campfire.description>Временный источник тепла, который горит несколько дней. Должен быть размещён внутри закрытого помещения, которое он будет обогревать.</Campfire.description>

	<Heater.label>обогреватель</Heater.label>
	<Heater.description>Электрическое устройство, которое превращает электричество в тепло. Может автоматически включаться и отключаться при достижении заданной температуры.</Heater.description>

	<Cooler.label>кондиционер</Cooler.label>
	<Cooler.description>Электрическое устройство, которое встраивается в стену и охлаждает помещение. Его задняя стенка сильно нагревается. Может использоваться для охлаждения помещения летом или для устройства морозильной камеры.</Cooler.description>

	<Vent.label>вентиляция</Vent.label>
	<Vent.description>Обычные вентиляционные трубы, которые позволяют температуре циркулировать между двумя соседними помещениями.</Vent.description>

</LanguageData>