﻿<?xml version="1.0" encoding="utf-8" ?>
<LanguageData>

	<PowerConduit.label>кабель</PowerConduit.label>
	<PowerConduit.description>Набор электрических проводов для передачи электроэнергии. Может быть размещён под стенами и другими постройками.</PowerConduit.description>

	<PowerSwitch.label>выключатель</PowerSwitch.label>
	<PowerSwitch.description>Включает и выключает электричество.</PowerSwitch.description>

	<SolarGenerator.label>солнечный генератор</SolarGenerator.label>
	<SolarGenerator.description>Преобразует солнечную энергию в электрический ток. Не работает в темноте.</SolarGenerator.description>

	<GeothermalGenerator.label>геотермальный генератор</GeothermalGenerator.label>
	<GeothermalGenerator.description>Вырабатывает энергию из паровых гейзеров. Должен быть размещён на гейзере.</GeothermalGenerator.description>

	<Battery.label>аккумулятор</Battery.label>
	<Battery.description>Сохраняет энергию при её избытке и отдает при нехватке. Внимание: заряженные аккумуляторы имеют тенденцию взрываться при нагреве или попадании влаги!</Battery.description>

</LanguageData>
