﻿<?xml version="1.0" encoding="utf-8" ?>
<LanguageData>

	<!--================================ Concrete ======================================-->

	<SculptureSmall.label>малая скульптура</SculptureSmall.label>
	<SculptureSmall.description>Кусок материала размером с туловище человека, которому придали художественную форму.</SculptureSmall.description>

	<SculptureLarge.label>большая скульптура</SculptureLarge.label>
	<SculptureLarge.description>Кусок материала размером в человеческий рост, которому придали художественную форму.</SculptureLarge.description>

	<SculptureGrand.label>огромная скульптура</SculptureGrand.label>
	<SculptureGrand.description>Кусок материала размером с машину, которому придали художественную форму.</SculptureGrand.description>

	<Snowman.label>снеговик</Snowman.label>
	<Snowman.description>Слепленные шары снега, сложены в виде человеческой фигуры.</Snowman.description>

</LanguageData>