﻿<?xml version="1.0" encoding="utf-8" ?>
<LanguageData>

	<NutrientPasteDispenser.label>дозатор пасты</NutrientPasteDispenser.label>
	<NutrientPasteDispenser.description>Синтезирует питательную пасту из органического сырья. Требует меньше ингредиентов и времени, чем приготовление пищи, но пасту никто не любит.</NutrientPasteDispenser.description>

	<Hopper.label>хоппер</Hopper.label>
	<Hopper.description>Содержит ресурсы для загрузки в различные аппараты. Например, в дозатор пасты.</Hopper.description>

	<!-- ========================= Work tables ==========================-->

	<TableButcher.label>разделочный стол</TableButcher.label>
	<TableButcher.description>Тяжёлый стол для разделки туш мёртвых существ на куски сырого мяса.</TableButcher.description>

	<TableTailor.label>стол портного</TableTailor.label>
	<TableTailor.description>Стол с инструментами для выделки кожи и производства одежды.</TableTailor.description>

	<TableSmithing.label>кузнечный верстак</TableSmithing.label>
	<TableSmithing.description>Верстак, оборудованный для производства оружия и инструментов.</TableSmithing.description>

	<TableSculpting.label>мастерская скульптора</TableSculpting.label>
	<TableSculpting.description>Стол, оборудованный для ваяния скульптур.</TableSculpting.description>

	<TableMachining.label>верстак</TableMachining.label>
	<TableMachining.description>Стол с инструментами для сборки и разборки деталей машин, например трупов механоидов или боеприпасов.</TableMachining.description>

	<CookStove.label>кухонная плита</CookStove.label>
	<CookStove.description>Простая плита со столешницей для приготовления блюд.</CookStove.description>

	<TableStonecutter.label>камнерезный станок</TableStonecutter.label>
	<TableStonecutter.description>Рабочий стол, оснащённый для резки кусков породы на каменные блоки.</TableStonecutter.description>

	<Brewery.label>пивоварня</Brewery.label>
	<Brewery.description>Рабочий стол, оснащённый всем необходимым для варки пива.</Brewery.description>

	<ElectricSmelter.label>плавильня</ElectricSmelter.label>
	<ElectricSmelter.description>Извлекает металл из кусков металлолома и других предметов, которые могут содержать металл. Потребляет много энергии.</ElectricSmelter.description>

	<Crematorium.label>крематорий</Crematorium.label>
	<Crematorium.description>Сжигать трупы иногда легче, чем хоронить.</Crematorium.description>

	<ResearchBench.label>научный стол</ResearchBench.label>
	<ResearchBench.description>Ученые работают здесь над новыми изобретениями.</ResearchBench.description>

	<!-- ========== Hydroponics ==============-->

	<HydroponicsBasin.label>стол гидропоники</HydroponicsBasin.label>
	<HydroponicsBasin.description>Для выращивания продовольствия. Позволяет быстро вырастить несколько растений. Стол требует электроэнергию, поэтому растения умрут, если его выключить.</HydroponicsBasin.description>

	<!-- <TableSawmillHand.label>ручная пилорама</TableSawmillHand.label>
	<TableSawmillHand.description>Маленькая ручная пилорама для распиливания брёвен на доски.</TableSawmillHand.description>

	<TableSawmillElectric.label>электрическая пилорама</TableSawmillElectric.label>
	<TableSawmillElectric.description>Маленькая электрическая пилорама для распиливания брёвен на доски.</TableSawmillElectric.description> -->

</LanguageData>
