﻿<?xml version="1.0" encoding="utf-8" ?>
<LanguageData>

	<Sandbags.label>мешки с песком</Sandbags.label>
	<Sandbags.description>Укрытие от стрельбы.</Sandbags.description>

	<!--=============== Improvised turret ===============-->
	
	<TurretGun.label>самодельная турель</TurretGun.label>
	<TurretGun.description>Слабая самодельная турель, которая автоматически атакует ближайших врагов. При повреждении взрывается.</TurretGun.description>

	<!--=============== Mortar turret ===============-->
	
	<Turret_MortarIncendiary.label>зажигательный миномёт</Turret_MortarIncendiary.label>
	<Turret_MortarIncendiary.description>Миномёт, который запускает зажигательные снаряды. Для управления требует одного поселенца. При повреждении взрывается.</Turret_MortarIncendiary.description>

	<Turret_MortarBomb.label>миномёт</Turret_MortarBomb.label>
	<Turret_MortarBomb.description>Миномёт, который запускает разрывные снаряды. Для управления требует одного поселенца. При повреждении взрывается.</Turret_MortarBomb.description>

	<Turret_MortarEMP.label>ЭМИ миномёт</Turret_MortarEMP.label>
	<Turret_MortarEMP.description>Миномёт, который запускает ЭМИ снаряды. Для управления требует одного поселенца. При повреждении взрывается.</Turret_MortarEMP.description>

	<!--==================== Traps ========================-->

	<TrapDeadfall.label>ловушка</TrapDeadfall.label>
	<TrapDeadfall.description>Простая, но эффективная ловушка.</TrapDeadfall.description>

	<TrapIEDBomb.label>взрывное СВУ</TrapIEDBomb.label>
	<TrapIEDBomb.description>Самодельное взрывное устройство - артиллерийский снаряд на импровизированной растяжке.</TrapIEDBomb.description>

	<TrapIEDIncendiary.label>зажигательное СВУ</TrapIEDIncendiary.label>
	<TrapIEDIncendiary.description>Самодельное взрывное устройство зажигательного типа - артиллерийский снаряд на импровизированной растяжке.</TrapIEDIncendiary.description>

</LanguageData>
