﻿<?xml version="1.0" encoding="utf-8" ?>
<LanguageData>

	<!--============================== Beds ==============================-->

	<SleepingSpot.label>спальный мешок</SleepingSpot.label>
	<SleepingSpot.description>Обозначает место на земле, где люди должны спать. Не комфортно. Эффективность: 7/10</SleepingSpot.description>

	<Bed.label>кровать</Bed.label>
	<Bed.description>Уютный матрац и простыни на прочной раме, для комфортного отдыха. Эффективность: 10/10</Bed.description>

	<RoyalBed.label>роскошная кровать</RoyalBed.label>
	<RoyalBed.description>Великолепная кровать для знатных людей.</RoyalBed.description>

	<HospitalBed.label>медицинская кровать</HospitalBed.label>
	<HospitalBed.description>Кровать, специально разработанная для больных и раненных. Увеличивает шанс успешной медицинской операции.</HospitalBed.description>

	<!--=========================== Animal beds ===============================-->

	<AnimalSleepingSpot.label>спальное место животных</AnimalSleepingSpot.label>
	<AnimalSleepingSpot.description>Обозначает место ночлега животных</AnimalSleepingSpot.description>

	<AnimalSleepingBox.label>спальный короб для животных</AnimalSleepingBox.label>
	<AnimalSleepingBox.description>Предназначен для небольших животных, таких как куры, кошки или маленькие собаки.</AnimalSleepingBox.description>

	<AnimalBed.label>кровать для животных</AnimalBed.label>
	<AnimalBed.description>Мягкая кровать для животных, подходит всем.</AnimalBed.description>

	<!--======================= Basic domestic furniture ==============================-->

	<Stool.label>стул</Stool.label>
	<Stool.description>Обычно на нем сидят.</Stool.description>

	<DiningChair.label>удобный стул</DiningChair.label>
	<DiningChair.description>Комфортный и привлекательный</DiningChair.description>

	<Armchair.label>кресло</Armchair.label>
	<Armchair.description>Большое, мягкое и удобное сиденье. Очень хорошо помогает расслабиться.</Armchair.description>

	<!--======================= Tables ==============================-->

	<TableShort.label>стол (мал.)</TableShort.label>
	<TableShort.description>Люди будут есть за столом, если рядом есть стулья.</TableShort.description>

	<TableLong.label>стол (бол.)</TableLong.label>
	<TableLong.description>Люди будут есть за столом, если рядом есть стулья.</TableLong.description>

	<PlantPot.label>цветочный горшок</PlantPot.label>
	<PlantPot.description>Посадите здесь декоративные цветы, чтобы улучшить настроение людей вокруг.</PlantPot.description>

	<!-- ======================== Lighting ======================= -->

	<StandingLamp.label>лампа</StandingLamp.label>
	<StandingLamp.description>Лампа освещает ближайшую область.</StandingLamp.description>

	<StandingLamp_Red.label>лампа (красная)</StandingLamp_Red.label>
	<StandingLamp_Red.description>Лампа освещает ближайшую область красным светом.</StandingLamp_Red.description>

	<StandingLamp_Green.label>лампа (зелёная)</StandingLamp_Green.label>
	<StandingLamp_Green.description>Лампа освещает ближайшую область зелёным светом.</StandingLamp_Green.description>

	<StandingLamp_Blue.label>лампа (синяя)</StandingLamp_Blue.label>
	<StandingLamp_Blue.description>Лампа освещает ближайшую область синим светом.</StandingLamp_Blue.description>

	<!--============================== Storage ==============================-->

	<EquipmentRack.label>стойка cнаряжения</EquipmentRack.label>
	<EquipmentRack.description>Стойка для хранения различного снаряжения.</EquipmentRack.description>

</LanguageData>
