﻿<?xml version="1.0" encoding="utf-8" ?>
<LanguageData>

	<!--============================ Simple mineables ===============================-->

	<CollapsedRocks.label>обрушившиеся породы</CollapsedRocks.label>
	<CollapsedRocks.description>Рухнувшая порода, ставшая достаточно плотной, чтобы поддерживать крышу.</CollapsedRocks.description>

	<!--============================ Resource rocks ===============================-->

	<MineableSteel.label>залежи стали</MineableSteel.label>
	<MineableSteel.description>Остатки древнего, обрушившегося строения. Богаты стальным ломом.</MineableSteel.description>

	<MineableSilver.label>серебряная руда</MineableSilver.label>
	<MineableSilver.description>Порода, содержащая крупицы серебра.</MineableSilver.description>

	<MineableGold.label>золотая руда</MineableGold.label>
	<MineableGold.description>Порода, содержащая крупицы золота.</MineableGold.description>

	<MineableUranium.label>залежи урана</MineableUranium.label>
	<MineableUranium.description>Порода, содержащая крупицы урана.</MineableUranium.description>

	<MineablePlasteel.label>залежи пластали</MineablePlasteel.label>
	<MineablePlasteel.description>Древние каменные залежи, богатые пласталевым ломом.</MineablePlasteel.description>

	<SteamGeyser.label>паровой гейзер</SteamGeyser.label>
	<SteamGeyser.description>Природный источник пара.</SteamGeyser.description>

</LanguageData>
