<?xml version="1.0" encoding="UTF-8"?>
<LanguageData>

  <Hare.label>заяц</Hare.label>
  <Hare.lifeStages.0.label>зайчонок</Hare.lifeStages.0.label>
  <Hare.lifeStages.1.label>молодой заяц</Hare.lifeStages.1.label>
  <Hare.lifeStages.2.label>заяц</Hare.lifeStages.2.label>

  <Snowhare.label>беляк</Snowhare.label>
  <Snowhare.lifeStages.0.label>детёныш беляка</Snowhare.lifeStages.0.label>
  <Snowhare.lifeStages.1.label>молодой беляк</Snowhare.lifeStages.1.label>
  <Snowhare.lifeStages.2.label>беляк</Snowhare.lifeStages.2.label>

</LanguageData>