<?xml version="1.0" encoding="UTF-8"?>
<LanguageData>

	<Chicken.label>курица</Chicken.label>
	<Chicken.labelMale>петух</Chicken.labelMale>
	<Chicken.labelFemale>курица</Chicken.labelFemale>
	<Chicken.lifeStages.0.label>цыпленок</Chicken.lifeStages.0.label>
	<Chicken.lifeStages.1.labelMale>петушок</Chicken.lifeStages.1.labelMale>
	<Chicken.lifeStages.1.labelFemale>курочка</Chicken.lifeStages.1.labelFemale>
	<Chicken.lifeStages.2.labelMale>петух</Chicken.lifeStages.2.labelMale>
	<Chicken.lifeStages.2.labelFemale>курица</Chicken.lifeStages.2.labelFemale>

	<Pig.label>свинья</Pig.label>
	<Pig.lifeStages.0.label>поросёнок</Pig.lifeStages.0.label>
	<Pig.lifeStages.1.label>молодая свинья</Pig.lifeStages.1.label>
	<Pig.lifeStages.1.labelMale>молодой хряк</Pig.lifeStages.1.labelMale>
	<Pig.lifeStages.1.labelFemale>молодая свинья</Pig.lifeStages.1.labelFemale>
	<Pig.lifeStages.2.label>свинья</Pig.lifeStages.2.label>
	<Pig.lifeStages.2.labelMale>хряк</Pig.lifeStages.2.labelMale>
	<Pig.lifeStages.2.labelFemale>свинья</Pig.lifeStages.2.labelFemale>

	<Cow.label>корова</Cow.label>
	<Cow.lifeStages.0.label>телёнок</Cow.lifeStages.0.label>
	<Cow.lifeStages.1.label>молодая корова</Cow.lifeStages.1.label>
	<Cow.lifeStages.1.labelMale>молодой бычок</Cow.lifeStages.1.labelMale>
	<Cow.lifeStages.1.labelFemale>молодая корова</Cow.lifeStages.1.labelFemale>
	<Cow.lifeStages.2.label>корова</Cow.lifeStages.2.label>
	<Cow.lifeStages.2.labelMale>бык</Cow.lifeStages.2.labelMale>
	<Cow.lifeStages.2.labelFemale>корова</Cow.lifeStages.2.labelFemale>

	<Alpaca.label>альпака</Alpaca.label>
	<Alpaca.lifeStages.0.label>детёныш альпаки</Alpaca.lifeStages.0.label>
	<Alpaca.lifeStages.1.label>молодая альпака</Alpaca.lifeStages.1.label>
	<Alpaca.lifeStages.2.label>альпака</Alpaca.lifeStages.2.label>

</LanguageData>
