<?xml version="1.0" encoding="UTF-8"?>
<LanguageData>

	<Cobra.label>кобра</Cobra.label>
	<Cobra.lifeStages.0.label>детёныш кобры</Cobra.lifeStages.0.label>
	<Cobra.lifeStages.1.label>молодая кобра</Cobra.lifeStages.1.label>
	<Cobra.lifeStages.2.label>кобра</Cobra.lifeStages.2.label>

	<Monkey.label>обезьяна</Monkey.label>
	<Monkey.lifeStages.0.label>детёныш обезьяны</Monkey.lifeStages.0.label>
	<Monkey.lifeStages.1.label>молодая обезьяна</Monkey.lifeStages.1.label>
	<Monkey.lifeStages.2.label>обезьяна</Monkey.lifeStages.2.label>

	<Chinchilla.label>шиншилла</Chinchilla.label>
	<Chinchilla.lifeStages.0.label>детёныш шиншиллы</Chinchilla.lifeStages.0.label>
	<Chinchilla.lifeStages.1.label>молодая шиншилла</Chinchilla.lifeStages.1.label>
	<Chinchilla.lifeStages.2.label>шиншилла</Chinchilla.lifeStages.2.label>

	<Boomalope.label>бумалупа</Boomalope.label>
	<Boomalope.lifeStages.0.label>детёныш бумалупы</Boomalope.lifeStages.0.label>
	<Boomalope.lifeStages.1.label>молодая бумалупа</Boomalope.lifeStages.1.label>
	<Boomalope.lifeStages.2.label>бумалупа</Boomalope.lifeStages.2.label>

	<Capybara.label>капибара</Capybara.label>
	<Capybara.lifeStages.0.label>детёныш капибары</Capybara.lifeStages.0.label>
	<Capybara.lifeStages.1.label>молодая капибара</Capybara.lifeStages.1.label>
	<Capybara.lifeStages.2.label>капибара</Capybara.lifeStages.2.label>

  <Cougar.label>пума</Cougar.label>
  <Cougar.lifeStages.0.label>детёныш пумы</Cougar.lifeStages.0.label>
  <Cougar.lifeStages.1.label>молодая пума</Cougar.lifeStages.1.label>
  <Cougar.lifeStages.2.label>пума</Cougar.lifeStages.2.label>

</LanguageData>
