<?xml version="1.0" encoding="UTF-8"?>
<LanguageData>

	<Squirrel.label>белка</Squirrel.label>
	<Squirrel.lifeStages.0.label>бельчонок</Squirrel.lifeStages.0.label>
	<Squirrel.lifeStages.1.label>молодая белка</Squirrel.lifeStages.1.label>
	<Squirrel.lifeStages.2.label>белка</Squirrel.lifeStages.2.label>

	<Boomrat.label>бумкрыса</Boomrat.label>
	<Boomrat.lifeStages.0.label>бумкрысёнок</Boomrat.lifeStages.0.label>
	<Boomrat.lifeStages.1.label>молодая бумкрыса</Boomrat.lifeStages.1.label>
	<Boomrat.lifeStages.2.label>бумкрыса</Boomrat.lifeStages.2.label>

	<WildBoar.label>кабан</WildBoar.label>
	<WildBoar.lifeStages.0.label>кабанчик</WildBoar.lifeStages.0.label>
	<WildBoar.lifeStages.1.label>молодай кабан</WildBoar.lifeStages.1.label>
	<WildBoar.lifeStages.2.label>кабан</WildBoar.lifeStages.2.label>

	<Deer.label>олень</Deer.label>
	<Deer.lifeStages.0.label>оленёнок</Deer.lifeStages.0.label>
	<Deer.lifeStages.1.labelMale>молодой олень</Deer.lifeStages.1.labelMale>
	<Deer.lifeStages.1.labelFemale>молодая олениха</Deer.lifeStages.1.labelFemale>
	<Deer.lifeStages.2.labelMale>олень</Deer.lifeStages.2.labelMale>
	<Deer.lifeStages.2.labelFemale>олениха</Deer.lifeStages.2.labelFemale>

	<Tortoise.label>черепаха</Tortoise.label>
	<Tortoise.lifeStages.0.label>черепашка</Tortoise.lifeStages.0.label>
	<Tortoise.lifeStages.1.label>молодая черепаха</Tortoise.lifeStages.1.label>
	<Tortoise.lifeStages.2.label>черепаха</Tortoise.lifeStages.2.label>

	<Elk.label>лось</Elk.label>
	<Elk.lifeStages.0.label>лосёнок</Elk.lifeStages.0.label>
	<Elk.lifeStages.1.label>молодой лось</Elk.lifeStages.1.label>
	<Elk.lifeStages.1.labelMale>молодой лось</Elk.lifeStages.1.labelMale>
	<Elk.lifeStages.1.labelFemale>молодая лосиха</Elk.lifeStages.1.labelFemale>
	<Elk.lifeStages.2.label>лось</Elk.lifeStages.2.label>
	<Elk.lifeStages.2.labelMale>лось</Elk.lifeStages.2.labelMale>
	<Elk.lifeStages.2.labelFemale>лосиха</Elk.lifeStages.2.labelFemale>

	<Alphabeaver.label>альфабобёр</Alphabeaver.label>
	<Alphabeaver.lifeStages.0.label>альфабобрёнок</Alphabeaver.lifeStages.0.label>
	<Alphabeaver.lifeStages.1.label>молодой альфабобёр</Alphabeaver.lifeStages.1.label>
	<Alphabeaver.lifeStages.2.label>альфабобёр</Alphabeaver.lifeStages.2.label>

	<Thrumbo.label>трумбо</Thrumbo.label>
	<Thrumbo.lifeStages.0.label>детёныш трумбо</Thrumbo.lifeStages.0.label>
	<Thrumbo.lifeStages.1.label>молодой трумбо</Thrumbo.lifeStages.1.label>
	<Thrumbo.lifeStages.2.label>альфа трумбо</Thrumbo.lifeStages.2.label>

</LanguageData>