<?xml version="1.0" encoding="UTF-8"?>
<LanguageData>

	<Muffalo.label>муффало</Muffalo.label>
	<Muffalo.lifeStages.0.label>детёныш муффало</Muffalo.lifeStages.0.label>
	<Muffalo.lifeStages.1.label>молодой муффало</Muffalo.lifeStages.1.label>
	<Muffalo.lifeStages.2.label>муффало</Muffalo.lifeStages.2.label>

	<PackMuffalo.label>муффало</PackMuffalo.label>
	<PackMuffalo.lifeStages.0.label>детёныш муффало</PackMuffalo.lifeStages.0.label>
	<PackMuffalo.lifeStages.1.label>молодой муффало</PackMuffalo.lifeStages.1.label>
	<PackMuffalo.lifeStages.2.label>муффало</PackMuffalo.lifeStages.2.label>

	<Iguana.label>игуана</Iguana.label>
	<Iguana.lifeStages.0.label>детёныш игуаны</Iguana.lifeStages.0.label>
	<Iguana.lifeStages.1.label>молодая игуана</Iguana.lifeStages.1.label>
	<Iguana.lifeStages.2.label>игуана</Iguana.lifeStages.2.label>

	<Rhinoceros.label>носорог</Rhinoceros.label>
	<Rhinoceros.lifeStages.0.label>детёныш носорога</Rhinoceros.lifeStages.0.label>
	<Rhinoceros.lifeStages.1.label>молодой носорог</Rhinoceros.lifeStages.1.label>
	<Rhinoceros.lifeStages.2.label>носорог</Rhinoceros.lifeStages.2.label>

	<Dromedary.label>верблюд</Dromedary.label>
	<Dromedary.lifeStages.0.label>детёныш верблюда</Dromedary.lifeStages.0.label>
	<Dromedary.lifeStages.1.label>молодой верблюд</Dromedary.lifeStages.1.label>
	<Dromedary.lifeStages.2.label>верблюд</Dromedary.lifeStages.2.label>

	<Elephant.label>слон</Elephant.label>
	<Elephant.lifeStages.0.label>слонёнок</Elephant.lifeStages.0.label>
	<Elephant.lifeStages.1.label>молодой слон</Elephant.lifeStages.1.label>
	<Elephant.lifeStages.2.label>слон</Elephant.lifeStages.2.label>

</LanguageData>
