<?xml version="1.0" encoding="UTF-8"?>
<LanguageData>

	<Megascarab.label>мега-скарабей</Megascarab.label>
	<Megascarab.lifeStages.0.label>скарабей-личинка</Megascarab.lifeStages.0.label>
	<Megascarab.lifeStages.1.label>молодой скарабей</Megascarab.lifeStages.1.label>
	<Megascarab.lifeStages.2.label>мега-скарабей</Megascarab.lifeStages.2.label>

  <Spelopede.label>спелопид</Spelopede.label>
  <Spelopede.lifeStages.0.label>спелопид-личинка</Spelopede.lifeStages.0.label>
  <Spelopede.lifeStages.1.label>молодой спелопид</Spelopede.lifeStages.1.label>
  <Spelopede.lifeStages.2.label>спелопид</Spelopede.lifeStages.2.label>

  <Megaspider.label>мега-паук</Megaspider.label>
  <Megaspider.lifeStages.0.label>паучок</Megaspider.lifeStages.0.label>
  <Megaspider.lifeStages.1.label>молодой паук</Megaspider.lifeStages.1.label>
  <Megaspider.lifeStages.2.label>мега-паук</Megaspider.lifeStages.2.label>

</LanguageData>
