<?xml version="1.0" encoding="UTF-8"?>
<LanguageData>

  <GrizzlyBear.label>гризли</GrizzlyBear.label>
  <GrizzlyBear.lifeStages.0.label>медвежонок гризли</GrizzlyBear.lifeStages.0.label>
  <GrizzlyBear.lifeStages.1.label>молодой гризли</GrizzlyBear.lifeStages.1.label>
  <GrizzlyBear.lifeStages.2.label>гризли</GrizzlyBear.lifeStages.2.label>

  <PolarBear.label>белый медведь</PolarBear.label>
  <PolarBear.lifeStages.0.label>детёныш белого медведя</PolarBear.lifeStages.0.label>
  <PolarBear.lifeStages.1.label>молодой белый медведь</PolarBear.lifeStages.1.label>
  <PolarBear.lifeStages.2.label>белый медведь</PolarBear.lifeStages.2.label>

</LanguageData>