<?xml version="1.0" encoding="UTF-8"?>
<LanguageData>

	<Warg.label>варг</Warg.label>
	<Warg.lifeStages.0.label>щенок варга</Warg.lifeStages.0.label>
	<Warg.lifeStages.1.label>молодой варг</Warg.lifeStages.1.label>
	<Warg.lifeStages.2.label>варг</Warg.lifeStages.2.label>

	<YorkshireTerrier.label>йоркширский терьер</YorkshireTerrier.label>
	<YorkshireTerrier.lifeStages.0.label>щенок йоркширского терьера</YorkshireTerrier.lifeStages.0.label>
	<YorkshireTerrier.lifeStages.1.label>молодой йоркширский терьер</YorkshireTerrier.lifeStages.1.label>
	<YorkshireTerrier.lifeStages.2.label>йоркширский терьер</YorkshireTerrier.lifeStages.2.label>
	
	<Husky.label>хаски</Husky.label>
	<Husky.lifeStages.0.label>щенок хаски</Husky.lifeStages.0.label>
	<Husky.lifeStages.1.label>молодой хаски</Husky.lifeStages.1.label>
	<Husky.lifeStages.2.label>хаски</Husky.lifeStages.2.label>

	<LabradorRetriever.label>лабрадор-ретривер</LabradorRetriever.label>
	<LabradorRetriever.lifeStages.0.label>щенок лабрадор-ретривера</LabradorRetriever.lifeStages.0.label>
	<LabradorRetriever.lifeStages.1.label>молодой лабрадор-ретривер</LabradorRetriever.lifeStages.1.label>
	<LabradorRetriever.lifeStages.2.label>лабрадор-ретривер</LabradorRetriever.lifeStages.2.label>

  <Cat.label>кошка</Cat.label>
  <Cat.lifeStages.0.label>котёнок</Cat.lifeStages.0.label>
  <Cat.lifeStages.1.labelMale>молодой кот</Cat.lifeStages.1.labelMale>
  <Cat.lifeStages.1.labelFemale>молодая кошка</Cat.lifeStages.1.labelFemale>
  <Cat.lifeStages.2.labelMale>кот</Cat.lifeStages.2.labelMale>
  <Cat.lifeStages.2.labelFemale>кошка</Cat.lifeStages.2.labelFemale>

</LanguageData>
