﻿<?xml version="1.0" encoding="utf-8" ?>
<LanguageData>

	<!-- ============================ Cold weather animals ========================== -->

	<Muffalo.label>муффало</Muffalo.label>
	<Muffalo.description>Крупное стадное травоядное животное. Произошли от буйволов и приспособились к некоторым экзотических средам. Безопасны, если не тревожить.</Muffalo.description>
	<Muffalo_Leather.label>шкура муффало</Muffalo_Leather.label>
	<Muffalo_Leather.stuffProps.stuffAdjective>шкуры муффало</Muffalo_Leather.stuffProps.stuffAdjective>
	<Muffalo_Leather.description>Шкура, снятая с муффало.</Muffalo_Leather.description>
	<Muffalo_Meat.label>мясо муффало</Muffalo_Meat.label>
	<Muffalo_Meat.description>Сырое мясо муффало.</Muffalo_Meat.description>
	<Muffalo_Corpse.label>туша муффало</Muffalo_Corpse.label>
	<Muffalo_Corpse.description>Мёртвый муффало.</Muffalo_Corpse.description>
	
	<Iguana.label>игуана</Iguana.label>
	<Iguana.description>Эти большие ящерицы обычно питаются растениями. Однако в гневе, благодаря хорошо скрытым острым когтям, они способны серьёзно навредить противнику.</Iguana.description>
	<Iguana_Leather.label>кожа игуаны</Iguana_Leather.label>
	<Iguana_Leather.stuffProps.stuffAdjective>кожи игуаны</Iguana_Leather.stuffProps.stuffAdjective>
	<Iguana_Leather.description>Кожа, снятая с игуаны.</Iguana_Leather.description>
	<Iguana_Meat.label>мясо игуаны</Iguana_Meat.label>
	<Iguana_Meat.description>Сырое мясо игуаны.</Iguana_Meat.description>
	<Iguana_Corpse.label>тушка игуаны</Iguana_Corpse.label>
	<Iguana_Corpse.description>Мёртвая игуана.</Iguana_Corpse.description>
	
	<Rhinoceros.label>носорог</Rhinoceros.label>
	<Rhinoceros.description>Это крупное млекопитающее обычно весьма миролюбиво, но оно не постесняется напасть, чтобы отогнать нарушителей его личного пространства.</Rhinoceros.description>
	<Rhinoceros_Leather.label>кожа носорога</Rhinoceros_Leather.label>
	<Rhinoceros_Leather.stuffProps.stuffAdjective>кожи носорога</Rhinoceros_Leather.stuffProps.stuffAdjective>
	<Rhinoceros_Leather.description>Кожа, снятая с носорога.</Rhinoceros_Leather.description>
	<Rhinoceros_Meat.label>мясо носорога</Rhinoceros_Meat.label>
	<Rhinoceros_Meat.description>Сырое мясо носорога.</Rhinoceros_Meat.description>
	<Rhinoceros_Corpse.label>туша носорога</Rhinoceros_Corpse.label>
	<Rhinoceros_Corpse.description>Мёртвый носорог.</Rhinoceros_Corpse.description>

	<Dromedary.label>верблюд</Dromedary.label>
	<Dromedary.description>Адаптированный для выживания в пустынях, этот родственник лошади может неделями обходиться без воды.</Dromedary.description>
	<Dromedary_Leather.label>кожа верблюда</Dromedary_Leather.label>
	<Dromedary_Leather.stuffProps.stuffAdjective>верблюжьей кожи</Dromedary_Leather.stuffProps.stuffAdjective>
	<Dromedary_Leather.description>Кожа, снятая с верблюда.</Dromedary_Leather.description>
	<Dromedary_Meat.label>верблюжатина</Dromedary_Meat.label>
	<Dromedary_Meat.description>Сырое мясо верблюда.</Dromedary_Meat.description>
	<Dromedary_Corpse.label>туша верблюда</Dromedary_Corpse.label>
	<Dromedary_Corpse.description>Мёртвый верблюд.</Dromedary_Corpse.description>

	<Elephant.label>слон</Elephant.label>
	<Elephant.description>Крупнейшее из животных, с огромными и опасными бивнями.</Elephant.description>
	<Elephant_Leather.label>кожа слона</Elephant_Leather.label>
	<Elephant_Leather.stuffProps.stuffAdjective>слоновьей кожи</Elephant_Leather.stuffProps.stuffAdjective>
	<Elephant_Leather.description>Кожа, снятая со слона.</Elephant_Leather.description>
	<Elephant_Meat.label>мясо слона</Elephant_Meat.label>
	<Elephant_Meat.description>Сырое мясо слона.</Elephant_Meat.description>
	<Elephant_Corpse.label>туша слона</Elephant_Corpse.label>
	<Elephant_Corpse.description>Мёртвый слон.</Elephant_Corpse.description>

</LanguageData>
