﻿<?xml version="1.0" encoding="utf-8" ?>
<LanguageData>

	<!-- ============================ Human ========================== -->

	<Human.label>человек</Human.label>
	<Human.description>Обычный человек, практически не изменённый генной инженерией или эволюционными процессами других планет.</Human.description>
	<Human_Leather.label>кожа человека</Human_Leather.label>
	<Human_Leather.stuffProps.stuffAdjective>человеческой кожи</Human_Leather.stuffProps.stuffAdjective>
	<Human_Leather.description>Кожа, содранная с человека.</Human_Leather.description>
	<Human_Meat.label>плоть человека</Human_Meat.label>
	<Human_Meat.description>Сырое мясо человека.</Human_Meat.description>
	<Human_Corpse.label>труп человека</Human_Corpse.label>
	<Human_Corpse.description>Труп человека.</Human_Corpse.description>

</LanguageData>
