﻿<?xml version="1.0" encoding="UTF-8"?>
<LanguageData>

  <Hare.label>заяц</Hare.label>
  <Hare.description>Это небольшое, одиночное травоядное может быстро ускакать от опасности.</Hare.description>
  <Hare_Leather.label>шкура зайца</Hare_Leather.label>
  <Hare_Leather.stuffProps.stuffAdjective>шкуры зайца</Hare_Leather.stuffProps.stuffAdjective>
  <Hare_Leather.description>Шкура, снятая с зайца.</Hare_Leather.description>
  <Hare_Meat.label>мясо зайца</Hare_Meat.label>
  <Hare_Meat.description>Сырое мясо зайца.</Hare_Meat.description>
  <Hare_Corpse.label>тушка зайца</Hare_Corpse.label>
  <Hare_Corpse.description>Мёртвый заяц.</Hare_Corpse.description>

  <Snowhare.label>беляк</Snowhare.label>
  <Snowhare.description>Это выносливое животное переживает суровые северные зимы зарываясь в норы под снегом и находя себе пропитание там, или же впадая в спячку на время самых тяжёлых месяцев.</Snowhare.description>
  <Snowhare_Leather.label>шкура беляка</Snowhare_Leather.label>
  <Snowhare_Leather.stuffProps.stuffAdjective>шкуры беляка</Snowhare_Leather.stuffProps.stuffAdjective>
  <Snowhare_Leather.description>Шкура, снятая с беляка.</Snowhare_Leather.description>
  <Snowhare_Meat.label>мясо беляка</Snowhare_Meat.label>
  <Snowhare_Meat.description>Сырое мясо беляка.</Snowhare_Meat.description>
  <Snowhare_Corpse.label>тушка беляка</Snowhare_Corpse.label>
  <Snowhare_Corpse.description>Мёртвый беляк.</Snowhare_Corpse.description>

</LanguageData>
