﻿<?xml version="1.0" encoding="utf-8" ?>
<LanguageData>

	<!-- ============================ Mechanoids ========================== -->

	<!-- Centipede -->
	<Mechanoid_Centipede.label>гусеница</Mechanoid_Centipede.label>
	<Mechanoid_Centipede.description>Тяжёлые боевые механоиды, которые скользят на множестве крошечных ног. Тяжёлая броня и огневая мощь делают их очень эффективными против групп неподвижных защитников. Однако они уязвимы для мобильных сил с тактикой "ударил-убежал".</Mechanoid_Centipede.description>
	<Mechanoid_Centipede_Corpse.label>труп гусеницы</Mechanoid_Centipede_Corpse.label>
	<Mechanoid_Centipede_Corpse.description>Труп гусеницы.</Mechanoid_Centipede_Corpse.description>
	
	<!-- Scyther -->
	<Mechanoid_Scyther.label>жнец</Mechanoid_Scyther.label>
	<Mechanoid_Scyther.description>Быстрые, веретенообразные боевые механоиды ростом с человека. Обычно имеют один вид оружия дальнего боя, а их тела украшены несколькими похожими на ножи выступами, которые делают их смертоносными в ближнем бою. Они не используют укрытия. Лучше всего уничтожаются концентрированным подавляющим огнём.</Mechanoid_Scyther.description>
	<Mechanoid_Scyther_Corpse.label>труп жнеца</Mechanoid_Scyther_Corpse.label>
	<Mechanoid_Scyther_Corpse.description>Труп жнеца.</Mechanoid_Scyther_Corpse.description>

</LanguageData>
