﻿<?xml version="1.0" encoding="utf-8" ?>
<LanguageData>

		<!--=============== AI persona core ====================-->

	<AIPersonaCore.label>ядро ИИ</AIPersonaCore.label>
	<AIPersonaCore.description>Гипер-передовое компьютерное ядро, в котором находится сверхчеловеческий искусственный интеллект. В изолированном состоянии ядро находится в дежурном режиме, однако будучи установлено в подходящую структуру, оно может стать мозгом пугающей силы.</AIPersonaCore.description>

		<!--=============== Neurotrainer ====================-->

	<Neurotrainer.label>нейротренер</Neurotrainer.label>
	<Neurotrainer.description>Одноразовое нанотехнологичное устройство обучения. Нейротренер вводится через глазное яблоко и высвобождает наномашины прямо в мозг пациента, быстро улучшая его способности в определённой области.</Neurotrainer.description>

		<!--=============== Thrumbo horn ====================-->

	<ThrumboHorn.label>рог трумбы</ThrumboHorn.label>
	<ThrumboHorn.description>Рог трумбы - острый как бритва, очень прочный и черезвычайно редкий трофей.</ThrumboHorn.description>

		<!--=============== Elephant tusk ====================-->

	<ElephantTusk.label>слоновий бивень</ElephantTusk.label>
	<ElephantTusk.description>Бивень слона, очень прочный и ценный. Смертоносное, но громоздкое оружие.</ElephantTusk.description>


</LanguageData>
