﻿<?xml version="1.0" encoding="utf-8" ?>
<LanguageData>

		<!--=============== Plant products ====================-->

	<Hay.label>сено</Hay.label>
	<Hay.description>Богатые питательными веществами травы и побеги, собранные и спрессованные для хранения. Сено - хороший корма, но несъедобные для человека.</Hay.description>

	<RawHops.label>хмель</RawHops.label>
	<RawHops.description>Сырой хмель. Ужасен на вкус и совсем не питателен, но необходим для варки пива.</RawHops.description>

		<!--=============== Raw foods ====================-->

	<RawPotatoes.label>картофель</RawPotatoes.label>
	<RawPotatoes.description>Сырой картофель.</RawPotatoes.description>

	<RawCorn.label>кукуруза</RawCorn.label>
	<RawCorn.description>Сырая кукуруза. Приятно есть даже в сыром виде.</RawCorn.description>

	<RawRice.label>рис</RawRice.label>
	<RawRice.description>Сырой рис.</RawRice.description>

	<RawBerries.label>ягоды</RawBerries.label>
	<RawBerries.description>Ассорти из ягод. Вкусны и полезны даже в сыром виде.</RawBerries.description>

	<RawAgave.label>агава</RawAgave.label>
	<RawAgave.description>Сырые плоды агавы.</RawAgave.description>

		<!--=============== Milk ====================-->

	<Milk.label>молоко</Milk.label>
	<Milk.description>Коровье молоко.</Milk.description>

		<!--=============== Eggs ====================-->

	<EggChickenUnfertilized.label>куриное яйцо (неопл.)</EggChickenUnfertilized.label>
	<EggChickenUnfertilized.description>Неоплодотворенное куриное яйцо. Его можно съесть сырым, но оно гораздо вкуснее приготовленное.</EggChickenUnfertilized.description>

	<EggChickenFertilized.label>куриное яйцо (опл.)</EggChickenFertilized.label>
	<EggChickenFertilized.description>Оплодотворенное куриное яйцо. Если все пойдет хорошо, то в скором времени из него вылупится цепленок. Его можно съесть сырым, но оно гораздо вкуснее приготовленное.</EggChickenFertilized.description>

	<EggCobraFertilized.label>яйцо кобры (опл.)</EggCobraFertilized.label>
	<EggCobraFertilized.description>Яйцо кобры. Если все пойдет хорошо, то в скором времени из него вылупится детеныш кобры. Его можно съесть сырым, но оно гораздо вкуснее приготовленное.</EggCobraFertilized.description>

	<EggIguanaFertilized.label>яйцо игуаны (опл.)</EggIguanaFertilized.label>
	<EggIguanaFertilized.description>Яйцо игуаны. Если все пойдет хорошо, то в скором времени из него вылупится детеныш игуаны. Его можно съесть сырым, но оно гораздо вкуснее приготовленное.</EggIguanaFertilized.description>

	<EggTortoiseFertilized.label>яйцо черепахи (опл.)</EggTortoiseFertilized.label>
	<EggTortoiseFertilized.description>Яйцо черепахи. Если все пойдет хорошо, то в скором времени из него вылупится детеныш черепахи. Его можно съесть сырым, но оно гораздо вкуснее приготовленное.</EggTortoiseFertilized.description>

</LanguageData>
