﻿<?xml version="1.0" encoding="utf-8" ?>
<LanguageData>

	<!-- =============== Unfinished things ==================== -->

	<UnfinishedSculpture.label>незаконченная скульптура</UnfinishedSculpture.label>
	<UnfinishedWeapon.label>незаконченное оружие</UnfinishedWeapon.label>
	<UnfinishedApparel.label>незаконченная одежда</UnfinishedApparel.label>

	<!-- ======================= Minified things ========================= -->

	<MinifiedSculpture.label>скульптура</MinifiedSculpture.label>
	<MinifiedFurniture.label>мебель</MinifiedFurniture.label>

</LanguageData>