﻿<?xml version="1.0" encoding="utf-8" ?>
<LanguageData>

	<MealSurvivalPack.label>рацион НЗ</MealSurvivalPack.label>
	<MealSurvivalPack.description>Высококачественный упакованный паёк, изготовленный для использования в чрезвычайной ситуации.</MealSurvivalPack.description>

	<MealNutrientPaste.label>питательная паста</MealNutrientPaste.label>
	<MealNutrientPaste.description>Синтетическая смесь из белка, углеводов, витаминов, аминокислот и минералов. Всё, что нужно организму, и при этом с отвратительным вкусом.</MealNutrientPaste.description>

	<MealSimple.label>простое блюдо</MealSimple.label>
	<MealSimple.description>Простая еда, быстро готовится из единичных ингредиентов.</MealSimple.description>

	<MealFine.label>вкусное блюдо</MealFine.label>
	<MealFine.description>Комплексное блюдо из нескольких ингредиентов.</MealFine.description>

	<MealLavish.label>шикарное блюдо</MealLavish.label>
	<MealLavish.description>Шедевр кулинарного искусства. Эта еда питает тело, разум и душу.</MealLavish.description>

</LanguageData>
