﻿<?xml version="1.0" encoding="utf-8" ?>
<LanguageData>

		<!-- natural -->

	<Heart.label>сердце</Heart.label>
	<Heart.description>Доставляет кровь и кислород ко всем частям тела. Готово найти нового владельца.</Heart.description>

	<Lung.label>лёгкое</Lung.label>
	<Lung.description>Незаменимая часть дыхательной системы.</Lung.description>

	<Kidney.label>почка</Kidney.label>
	<Kidney.description>Отфильтровывает и удаляет отходы метаболизма из крови.</Kidney.description>

	<Liver.label>печень</Liver.label>
	<Liver.description>Играет важную роль в обмене веществ.</Liver.description>

	<!-- 
	<Brain.label>мозг</Brain.label>
	<Brain.description>мозг</Brain.description> 
	-->

		<!-- artificial - simple prosthetics -->

	<SimpleProstheticLeg.label>простой протез ноги</SimpleProstheticLeg.label>
	<SimpleProstheticLeg.description>Простой протез для замены отсутствующей ноги. Не очень комфортный, но весьма эффективный.</SimpleProstheticLeg.description>

	<SimpleProstheticArm.label>простой протез руки</SimpleProstheticArm.label>
	<SimpleProstheticArm.description>Простой, но долговечный протез руки.</SimpleProstheticArm.description>

		<!-- artificial - bionics -->

	<BionicEye.label>бионический глаз</BionicEye.label>
	<BionicEye.description>Передовой продукт технологии, разработанный не только для полной замены человеческого глаза, но также для получения сверхчеловеческого зрения.</BionicEye.description>

	<BionicArm.label>бионическая рука</BionicArm.label>
	<BionicArm.description>Один из наиболее сложных заменителей руки. Даёт своему владельцу экстремальную силу.</BionicArm.description>

	<BionicLeg.label>бионическая нога</BionicLeg.label>
	<BionicLeg.description>Бионическая нога использует передовые технологии, чтобы дать своему обладателю наивысший комфорт передвижения.</BionicLeg.description>

	<PowerClaw.label>силовой коготь</PowerClaw.label>
	<PowerClaw.description>Мощный заменитель руки, состоящий из трёх смертоносных когтей.</PowerClaw.description>

	<ScytherBlade.label>клинок жнеца</ScytherBlade.label>
	<ScytherBlade.description>Заменитель руки с телескопическим клинком. Снят с мёртвого механоида типа "жнец". Не очень комфортно, но весьма эффективно в качестве оружия ближнего боя.</ScytherBlade.description>

</LanguageData>
