<?xml version="1.0" encoding="UTF-8"?>
<LanguageData>

	<MercenaryGunner.label>наёмник-стрелок</MercenaryGunner.label>
	<MercenarySniper.label>снайпер</MercenarySniper.label>
	<GrenadierDestructive.label>гренадёр</GrenadierDestructive.label>
	<GrenadierEMP.label>ЭМИ-гренадёр</GrenadierEMP.label>
	<MercenarySlasher.label>вышибала</MercenarySlasher.label>
	<MercenaryHeavy.label>тяжеловооружённый наёмник</MercenaryHeavy.label>
	<PirateBoss.label>капитан пиратов</PirateBoss.label>
	<MercenaryElite.label>элитный наёмник</MercenaryElite.label>

</LanguageData>
