﻿<?xml version="1.0" encoding="utf-8" ?>
<LanguageData>

	<CrashedPsychicEmanatorShipPart.label>часть разбившегося корабля</CrashedPsychicEmanatorShipPart.label>
	<CrashedPsychicEmanatorShipPart.description>Таинственный обломок разбившегося космического корабля. Он может содержать экзотические материалы, компьютеры или даже свой ИИ. Такая технология может быть опасна.</CrashedPsychicEmanatorShipPart.description>

	<CrashedPoisonShipPart.label>часть зараженного корабля</CrashedPoisonShipPart.label>
	<CrashedPoisonShipPart.description>Таинственный обломок разбившегося космического корабля. Он может содержать экзотические материалы, компьютеры или даже свой ИИ. Такая технология может быть опасна.</CrashedPoisonShipPart.description>

	<ShipChunk.label>обломок корабля</ShipChunk.label>
	<ShipChunk.description>Обломок космического корабля. Божет быть разобран на сталь и компоненты.</ShipChunk.description>

</LanguageData>
