﻿<?xml version="1.0" encoding="utf-8" ?>
<LanguageData>

	<HorseshoesPin.label>метание подковы</HorseshoesPin.label>
	<HorseshoesPin.description>Игра для нескольких человек, в которой участники бросают подковы на небольшой колышек.</HorseshoesPin.description>

	<ChessTable.label>шахматный стол</ChessTable.label>
	<ChessTable.description>Тактическая игра, рассчитанная на двух игроков, в которой противники поочерёдно делают ходы.</ChessTable.description>

	<BilliardsTable.label>бильярдный стол</BilliardsTable.label>
	<BilliardsTable.description>Стол, покрытый бархатным сукном. Предназначен для игры в различные виды бильярда.</BilliardsTable.description>

	<TubeTelevision.label>ЭЛТ телевизор</TubeTelevision.label>
	<TubeTelevision.description>Экран с электронно-лучевой трубкой, воспроизводящий разные подвижные картинки со звуковым сопровождением. Даже на пограничных мирах часто имеется старый передатчик, вещающий что-то хоть как-то интересное.</TubeTelevision.description>

	<FlatscreenTelevision.label>плазменный телевизор</FlatscreenTelevision.label>
	<FlatscreenTelevision.description>Высокотехнологичный плоский ТВ с кристально чистым изображением и насыщенными цветами. Гораздо интереснее старого рябящего ЭЛТ ТВ.</FlatscreenTelevision.description>

	<MegascreenTelevision.label>ультра телевизор</MegascreenTelevision.label>
	<MegascreenTelevision.description>Огромный высокотехнологичный телевизор. Гигантские трепещущие изображения буквально выпрыгивают из экрана. Крайне занимательно.</MegascreenTelevision.description>

	<Telescope.label>телескоп</Telescope.label>
	<Telescope.description>Телескоп для любителей астрономии. Некоторым людям это хобби доставляет особенное удовольствие.</Telescope.description>

</LanguageData>