﻿<?xml version="1.0" encoding="utf-8" ?>
<LanguageData>

	<!--============================ Simple mineables ===============================-->

	<CollapsedRocks.label>обрушившиеся породы</CollapsedRocks.label>
	<CollapsedRocks.description>Рухнувшая порода, ставшая достаточно плотной, чтобы поддерживать крышу.</CollapsedRocks.description>

	<!--============================ Resource rocks ===============================-->

	<MineableSteel.label>залежи стали</MineableSteel.label>
	<MineableSteel.description>Остатки древнего, обрушившегося строения. Богаты стальным ломом.</MineableSteel.description>

	<MineableSilver.label>серебряная руда</MineableSilver.label>
	<MineableSilver.description>Порода, содержащая крупицы серебра.</MineableSilver.description>

	<MineableGold.label>золотая руда</MineableGold.label>
	<MineableGold.description>Порода, содержащая крупицы золота.</MineableGold.description>

	<MineableUranium.label>залежи урана</MineableUranium.label>
	<MineableUranium.description>Порода, содержащая крупицы урана.</MineableUranium.description>

	<MineablePlasteel.label>залежи пластали</MineablePlasteel.label>
	<MineablePlasteel.description>Древние каменные залежи, богатые пласталевым ломом.</MineablePlasteel.description>
  
	<MineableJade.label>нефрит</MineableJade.label>
	<MineableJade.description>Скалы, содержащие в себе нефрит.</MineableJade.description>

	<MineableComponents.label>залежи деталей</MineableComponents.label>
	<MineableComponents.description>Остатки древних механизмов, слежавшихся со временем. Могут быть разработаны для добычи полезных компонентов.</MineableComponents.description>

	<SteamGeyser.label>паровой гейзер</SteamGeyser.label>
	<SteamGeyser.description>Природный источник пара.</SteamGeyser.description>

	<Hive.label>улей</Hive.label>
	<Hive.description>Колония жуков. Будет со временем плодить жуков и новые ульи.</Hive.description>

</LanguageData>
