﻿<?xml version="1.0" encoding="utf-8" ?>
<LanguageData>

	<!--========================= Doors =============================-->

	<Door.label>дверь</Door.label>
	<Door.description>Нужно открывать и закрывать вручную, что замедляет передвижение.</Door.description>

	<Autodoor.label>автодверь</Autodoor.label>
	<Autodoor.description>Автоматическая дверь - позволяет входить и выходить без задержки.</Autodoor.description>

	<!--========================= Walls =============================-->

	<Wall.label>стена</Wall.label>
	<Wall.description>Непроходимая стена. Достаточно крепка, чтобы поддерживать крышу.</Wall.description>

</LanguageData>
