﻿<?xml version="1.0" encoding="utf-8" ?>
<LanguageData>

		<!-- Beam -->
	<Ship_Beam.label>корабельная балка</Ship_Beam.label>
	<Ship_Beam.description>Строительная балка, вокруг которой может быть построено судно.</Ship_Beam.description>

		<!-- Cryptosleep casket -->
	<Ship_CryptosleepCasket.label>контейнер крипто-сна</Ship_CryptosleepCasket.label>
	<Ship_CryptosleepCasket.description>Контейнер крипто-сна, защищённый от опасностей космоса. Способен веками поддерживать человека в состоянии сна во время космических путешествий, а также осуществлять экстренный спуск на поверхность планет.</Ship_CryptosleepCasket.description>

		<!-- Computer core -->
	<Ship_ComputerCore.label>корабельный компьютер</Ship_ComputerCore.label>
	<Ship_ComputerCore.description>Компьютерное ядро, содержащее сверхчеловеческий ИИ, который может вести корабль через любые опасности.</Ship_ComputerCore.description>

		<!-- Reactor -->
	<Ship_Reactor.label>корабельный реактор</Ship_Reactor.label>
	<Ship_Reactor.description>Питает корабль на протяжении всего путешествия в космосе.</Ship_Reactor.description>

		<!-- Engine -->
	<Ship_Engine.label>корабельный двигатель</Ship_Engine.label>
	<Ship_Engine.description>Импульсный двигатель, работающий на антиматерии. Способен вывести корабль на орбиту или межзвёздную траекторию.</Ship_Engine.description>

</LanguageData>
