﻿<?xml version="1.0" encoding="utf-8" ?>
<LanguageData>

	<Joywire.label>чип счастья</Joywire.label>
	<Joywire.description>Этот мозговой имплант позволит вам почувствовать себя счастливым.</Joywire.description>

	<Painstopper.label>чип обезболивания</Painstopper.label>
	<Painstopper.description>При установке этого мозгового импланта поселенец не будет чувствовать боли.</Painstopper.description>

</LanguageData>