﻿<?xml version="1.0" encoding="utf-8" ?>
<LanguageData>

	<!--=============== Medicine ====================-->

	<HerbalMedicine.label>лекарственные травы</HerbalMedicine.label>
	<HerbalMedicine.description>Упаковка травяного отвара, обычно изготавливаемого из растений ксеригиума. Менее сильный, чем промышленная фармацевтика.</HerbalMedicine.description>

	<Medicine.label>медикаменты</Medicine.label>
	<Medicine.description>Мед. персонал использует медикаменты, чтобы лечить раненых.</Medicine.description>

	<GlitterworldMedicine.label>передовые медикаменты</GlitterworldMedicine.label>
	<GlitterworldMedicine.description>Улучшенные медикаменты из высокотехнологичных миров.</GlitterworldMedicine.description>
 
	<!--=============== Shells ====================-->

	<ArtilleryShell.label>снаряды</ArtilleryShell.label>
	<ArtilleryShell.description>Для стрельбы из артиллерийских орудий.</ArtilleryShell.description>

	<!--=============== Components ====================-->
  
	<Components.label>компоненты</Components.label>
	<Components.description>Различные шестерёнки, конденсаторы, платы, трубки, колёсики, сенсоры, провода, чипы, процессоры и другие электронные и механические детали. Необходимы для сборки сложных механизмов и электроприборов.</Components.description>

	
</LanguageData>