﻿<?xml version="1.0" encoding="utf-8" ?>
<LanguageData>

	<PsychicInsanityLance.label>копьё безумия</PsychicInsanityLance.label>
	<PsychicInsanityLance.description>Одноразовый артефакт, использование которого лишает любого персонажа рассудка. Может быть использовано на любом расстоянии и даже через стены.</PsychicInsanityLance.description>

	<PsychicShockLance.label>копьё потрясения</PsychicShockLance.label>
	<PsychicShockLance.description>Одноразовый артефакт, который вызывает психическое потрясение у любого персонажа на какое-то время. При этом высока вероятность повреждения головного мозга.</PsychicShockLance.description>

	<PsychicAnimalPulser.label>генератор пси-импульса (животные)</PsychicAnimalPulser.label>
	<PsychicAnimalPulser.description>Использование этого артефакта приводит всех животных в регионе в бешенство.</PsychicAnimalPulser.description>

	<PsychicSoothePulser.label>генератор успокаивающего пси-импульса</PsychicSoothePulser.label>
	<PsychicSoothePulser.description>Использование этого артефакта даёт временное повышение настроения у всех существ на карте.</PsychicSoothePulser.description>

</LanguageData>
