﻿<?xml version="1.0" encoding="utf-8" ?>
<LanguageData>

		<!--=============== Pure stuffs: Basics ====================-->

	<Silver.label>серебро</Silver.label>
	<Silver.description>В основном этот металл используется в качестве валюты. Хотя из него также получаются привлекательные предметы декора.</Silver.description>
	<Silver.stuffProps.stuffAdjective>серебра</Silver.stuffProps.stuffAdjective>

	<Gold.label>золото</Gold.label>
	<Gold.description>Самый популярный металл. Миллионы погибли в попытках удовлетворить бесконечную людскую жажду золота. При слабых механических свойствах, он поразительно прекрасен и довольно редок...</Gold.description>
	<Gold.stuffProps.stuffAdjective>золота</Gold.stuffProps.stuffAdjective>

	<Steel.label>сталь</Steel.label>
	<Steel.description>Универсальный метал, используемый для строительства и изготовления инструментов и оружия.</Steel.description>
	<Steel.stuffProps.stuffAdjective>стали</Steel.stuffProps.stuffAdjective>

	<Plasteel.label>пласталь</Plasteel.label>
	<Plasteel.description>Передовой строительный материал эры космических технологий. Имеет высочайшую прочность, благодаря своей уникальной молекулярной структуре.</Plasteel.description>
	<Plasteel.stuffProps.stuffAdjective>пластали</Plasteel.stuffProps.stuffAdjective>

	<WoodLog.label>древесина</WoodLog.label>
	<WoodLog.description>Древесина, полученная из деревьев или других древесных растений. Полезна для строительства, создания оружия и даже простых протезов. Также может быть использована как естественное оружие, если под рукой больше ничего нет. </WoodLog.description>
	<WoodLog.stuffProps.stuffAdjective>дерева</WoodLog.stuffProps.stuffAdjective>

	<Uranium.label>уран</Uranium.label>
	<Uranium.description>Очень твёрдый, плотный металл. Хотя он наиболее известен как топливо для ядерных реакторов, его физические свойства также отлично подходят для некоторых инструментов, оружия или брони.</Uranium.description>
	<Uranium.stuffProps.stuffAdjective>урана</Uranium.stuffProps.stuffAdjective>

	<Jade.label>нефрит</Jade.label>
	<Jade.description>Твёрдый камень зелёного цвета. Из-за своей красоты и редкости нефрит часто используется в декоративных целях, однако его твёрдость и плотность также делают его хорошим материалом для оружия ударного типа.</Jade.description>
	<Jade.stuffProps.stuffAdjective>нефрита</Jade.stuffProps.stuffAdjective>

	<!--=============== Pure stuffs: Fabric, leather, etc  ====================-->


	<Cloth.label>ткань</Cloth.label>
	<Cloth.description>Полотно, сотканное из органических волокон.</Cloth.description>
	<Cloth.stuffProps.stuffAdjective>ткани</Cloth.stuffProps.stuffAdjective>
	
	<Synthread.label>синткань</Synthread.label>
	<Synthread.description>Синтетическая ткань, пришедшая из космических технологий, разработана для производства обычной одежды. Она лёгкая, мягкая, прочная и, к тому же, хорошо изолирует.</Synthread.description>
	<Synthread.stuffProps.stuffAdjective>синткани</Synthread.stuffProps.stuffAdjective>

	<DevilstrandCloth.label>дьявлоткань</DevilstrandCloth.label>
	<DevilstrandCloth.description>Ткань, скрученная из микроволокон грибов дьявлонитников, которые производят шёлк. Очень жесткая, но изолирует не лучше, чем обычная ткань.</DevilstrandCloth.description>
	<DevilstrandCloth.stuffProps.stuffAdjective>дьявлоткани</DevilstrandCloth.stuffProps.stuffAdjective>

	<Hyperweave.label>гиперткань</Hyperweave.label>
	<Hyperweave.description>Высокотехнологичные нановолокна, вплетённые в ткань. Нечто тяжёлое, но невероятно прочное. Секреты её производства известны только наиболее технологичным мирам.</Hyperweave.description>
	<Hyperweave.stuffProps.stuffAdjective>гиперткани</Hyperweave.stuffProps.stuffAdjective>
	
	<MuffaloWool.label>шерсть муфалло</MuffaloWool.label>
	<MuffaloWool.description>Мягкая и очень тёплая шерсть муфалло.</MuffaloWool.description>
	<MuffaloWool.stuffProps.stuffAdjective>шерсти муфалло</MuffaloWool.stuffProps.stuffAdjective>
	
	<CamelHair.label>верблюжья шерсть</CamelHair.label>
	<CamelHair.description>Одежду из шерсти верблюда обычно носят путешественники из пустынь.</CamelHair.description>
 	<CamelHair.stuffProps.stuffAdjective>верблюжьей шерсти</CamelHair.stuffProps.stuffAdjective>

	<AlpacaWool.label>шерсть альпака</AlpacaWool.label>
	<AlpacaWool.description>Очень мягкая шерсть альпака.</AlpacaWool.description>
	<AlpacaWool.stuffProps.stuffAdjective>шерсти альпака</AlpacaWool.stuffProps.stuffAdjective>

</LanguageData>
