﻿<?xml version="1.0" encoding="utf-8" ?>
<LanguageData>

	<!-- =============== Unfinished things ==================== -->

	<UnfinishedSculpture.label>незаконченная скульптура</UnfinishedSculpture.label>
	<UnfinishedGun.label>незаконченное огнестрельное оружие</UnfinishedGun.label>
	<UnfinishedWeapon.label>незаконченное оружие</UnfinishedWeapon.label>
	<UnfinishedTechArmor.label>незаконченная броня</UnfinishedTechArmor.label>
	<UnfinishedApparel.label>незаконченная одежда</UnfinishedApparel.label>

	<!-- ======================= Minified things ========================= -->

	<MinifiedSculpture.label>скульптура</MinifiedSculpture.label>
	<MinifiedFurniture.label>мебель</MinifiedFurniture.label>
<!--<MinifiedCapsuleReactor.label>реактор капсулы</MinifiedCapsuleReactor.label> -->

</LanguageData>
