﻿<?xml version="1.0" encoding="utf-8" ?>
<LanguageData>

	<!--=============== Beer ====================-->
 
	<Beer.label>пиво</Beer.label>
	<Beer.description>Самый первый напиток, за исключением воды, который когда-либо употребляло человечество. Пиво вкусно, но его главный эффект - интоксикация. Чрезмерное употребление может привести к алкогольной зависимости.</Beer.description>

	<!--=============== Luxury ====================-->

	<Chocolate.label>шоколад</Chocolate.label>
	<Chocolate.description>Очень вкусная композиция из какао, сахара и ванили. Имеет очень хороший вкус, однако питательная ценность до сих пор под вопросом.</Chocolate.description>


</LanguageData>